<?xml version="1.0" encoding="UTF-8"?>
<rss version="2.0" xmlns:atom="http://www.w3.org/2005/Atom">
  <channel>
    <title>Andrew Natividad - Official Website</title>
    <description>A website programmer, A Website designer, Explorer, and IT Student.</description>
    <link>127.0.0.1:4000/</link>
    <atom:link href="127.0.0.1:4000/feed.xml" rel="self" type="application/rss+xml"/>
    <pubDate>Mon, 11 Apr 2016 12:32:46 +0800</pubDate>
    <lastBuildDate>Mon, 11 Apr 2016 12:32:46 +0800</lastBuildDate>
    <generator>Jekyll v3.0.3</generator>
    
      <item>
        <title>Benifits of Static Website Generator</title>
        <description>&lt;p align=&quot;justify&quot;&gt;Etiam porta &lt;em&gt;sem malesuada magna&lt;/em&gt; mollis euismod. Cras mattis consectetur purus sit amet fermentum. Aenean lacinia bibendum nulla sed consectetur.
Vivamus sagittis lacus vel augue laoreet rutrum faucibus dolor auctor. Duis mollis, est non commodo luctus, nisi erat porttitor ligula, eget lacinia odio sem nec elit. Morbi leo risus, porta ac consectetur ac, vestibulum at eros.&lt;/p&gt;
&lt;p&gt;Etiam porta &lt;em&gt;sem malesuada magna&lt;/em&gt; mollis euismod. Cras mattis consectetur purus sit amet fermentum. Aenean lacinia bibendum nulla sed consectetur.&lt;/p&gt;
&lt;p&gt;Vivamus sagittis lacus vel augue laoreet rutrum faucibus dolor auctor. Duis mollis, est non commodo luctus, nisi erat porttitor ligula, eget lacinia odio sem nec elit. Morbi leo risus, porta ac consectetur ac, vestibulum at eros.&lt;/p&gt;
&lt;p&gt;Etiam porta &lt;em&gt;sem malesuada magna&lt;/em&gt; mollis euismod. Cras mattis consectetur purus sit amet fermentum. Aenean lacinia bibendum nulla sed consectetur.&lt;/p&gt;
&lt;p&gt;Vivamus sagittis lacus vel augue laoreet rutrum faucibus dolor auctor. Duis mollis, est non commodo luctus, nisi erat porttitor ligula, eget lacinia odio sem nec elit. Morbi leo risus, porta ac consectetur ac, vestibulum at eros.&lt;/p&gt;
</description>
        <pubDate>Sun, 10 Apr 2016 12:00:00 +0800</pubDate>
        <link>127.0.0.1:4000/jekyll/benifits-of-static-website-generators.html</link>
        <guid isPermaLink="true">127.0.0.1:4000/jekyll/benifits-of-static-website-generators.html</guid>
        
        
        <category>jekyll</category>
        
      </item>
    
      <item>
        <title>Introduction to Jekyll</title>
        <description>&lt;p align=&quot;justify&quot;&gt;Etiam porta &lt;em&gt;sem malesuada magna&lt;/em&gt; mollis euismod. Cras mattis consectetur purus sit amet fermentum. Aenean lacinia bibendum nulla sed consectetur.
Vivamus sagittis lacus vel augue laoreet rutrum faucibus dolor auctor. Duis mollis, est non commodo luctus, nisi erat porttitor ligula, eget lacinia odio sem nec elit. Morbi leo risus, porta ac consectetur ac, vestibulum at eros.&lt;/p&gt;
&lt;p&gt;Etiam porta &lt;em&gt;sem malesuada magna&lt;/em&gt; mollis euismod. Cras mattis consectetur purus sit amet fermentum. Aenean lacinia bibendum nulla sed consectetur.&lt;/p&gt;
&lt;p&gt;Vivamus sagittis lacus vel augue laoreet rutrum faucibus dolor auctor. Duis mollis, est non commodo luctus, nisi erat porttitor ligula, eget lacinia odio sem nec elit. Morbi leo risus, porta ac consectetur ac, vestibulum at eros.&lt;/p&gt;
&lt;p&gt;Etiam porta &lt;em&gt;sem malesuada magna&lt;/em&gt; mollis euismod. Cras mattis consectetur purus sit amet fermentum. Aenean lacinia bibendum nulla sed consectetur.&lt;/p&gt;
&lt;p&gt;Vivamus sagittis lacus vel augue laoreet rutrum faucibus dolor auctor. Duis mollis, est non commodo luctus, nisi erat porttitor ligula, eget lacinia odio sem nec elit. Morbi leo risus, porta ac consectetur ac, vestibulum at eros.&lt;/p&gt;
</description>
        <pubDate>Sat, 09 Apr 2016 12:00:00 +0800</pubDate>
        <link>127.0.0.1:4000/jekyll/introduction-to-jekyll.html</link>
        <guid isPermaLink="true">127.0.0.1:4000/jekyll/introduction-to-jekyll.html</guid>
        
        
        <category>jekyll</category>
        
      </item>
    
      <item>
        <title>Jekyll - Part II</title>
        <description>&lt;p align=&quot;justify&quot;&gt;Etiam porta &lt;em&gt;sem malesuada magna&lt;/em&gt; mollis euismod. Cras mattis consectetur purus sit amet fermentum. Aenean lacinia bibendum nulla sed consectetur.
Vivamus sagittis lacus vel augue laoreet rutrum faucibus dolor auctor. Duis mollis, est non commodo luctus, nisi erat porttitor ligula, eget lacinia odio sem nec elit. Morbi leo risus, porta ac consectetur ac, vestibulum at eros.&lt;/p&gt;
&lt;p&gt;Etiam porta &lt;em&gt;sem malesuada magna&lt;/em&gt; mollis euismod. Cras mattis consectetur purus sit amet fermentum. Aenean lacinia bibendum nulla sed consectetur.&lt;/p&gt;
&lt;p&gt;Vivamus sagittis lacus vel augue laoreet rutrum faucibus dolor auctor. Duis mollis, est non commodo luctus, nisi erat porttitor ligula, eget lacinia odio sem nec elit. Morbi leo risus, porta ac consectetur ac, vestibulum at eros.&lt;/p&gt;
&lt;p&gt;Etiam porta &lt;em&gt;sem malesuada magna&lt;/em&gt; mollis euismod. Cras mattis consectetur purus sit amet fermentum. Aenean lacinia bibendum nulla sed consectetur.&lt;/p&gt;
&lt;p&gt;Vivamus sagittis lacus vel augue laoreet rutrum faucibus dolor auctor. Duis mollis, est non commodo luctus, nisi erat porttitor ligula, eget lacinia odio sem nec elit. Morbi leo risus, porta ac consectetur ac, vestibulum at eros.&lt;/p&gt;
</description>
        <pubDate>Fri, 08 Apr 2016 12:00:00 +0800</pubDate>
        <link>127.0.0.1:4000/jekyll/jekyll-part-2.html</link>
        <guid isPermaLink="true">127.0.0.1:4000/jekyll/jekyll-part-2.html</guid>
        
        
        <category>jekyll</category>
        
      </item>
    
  </channel>
</rss>
